Entity type,Precision,Recall,F1
PERSON,0.000000,0.000000,0.000000
LOCATION,0.999990,0.999990,0.999985
TIME,0.000000,0.000000,0.000000
ORGANIZATION,0.000000,0.000000,0.000000
Macro-F1,,,0.249996
Micro-F1,,,0.999985
Average Precision,,,0.249998
Average Recall,,,0.249998
